<?xml version="1.0" encoding="UTF-8"?>
<!DOCTYPE mapper
 PUBLIC "-//mybatis.org//DTD Mapper 3.0//EN"
 "http://mybatis.org/dtd/mybatis-3-mapper.dtd">
<mapper namespace="np.mem.model.RecipeMapper">
	<resultMap id="recipeMap" type="hashmap"/>
	<!-- 글 쓰기 -->
	<select id="proc_board_insert" parameterType="map" statementType="CALLABLE"> <!-- 타입에는 추상클래스, 그리고 경로까지 적어주는게 원칙 -->
	 	{ call proc_board_insert(
	 		#{p_board_cate,mode=IN,jdbcType=VARCHAR, javaType=java.lang.String}
	 		,#{p_board_menu,mode=IN,jdbcType=VARCHAR, javaType=java.lang.String}
	 		,#{p_user_id,mode=IN,jdbcType=VARCHAR, javaType=java.lang.String}
	 		,#{p_board_subject,mode=IN,jdbcType=VARCHAR, javaType=java.lang.String}
	 		,#{p_board_content,mode=IN,jdbcType=VARCHAR, javaType=java.lang.String}
	 		,#{p_board_ingredient,mode=IN,jdbcType=VARCHAR, javaType=java.lang.String}
	 		,#{p_mensuration,mode=IN,jdbcType=VARCHAR, javaType=java.lang.String}
	 		,#{p_recipe_unit,mode=IN,jdbcType=VARCHAR, javaType=java.lang.String}
	 		,#{p_hashtag,mode=IN,jdbcType=VARCHAR, javaType=java.lang.String}
	 		,#{msg,mode=OUT,jdbcType=VARCHAR, javaType=java.lang.String}
	 	)}
	</select> 
	

	<!-- 글 수정 -->
	<select id="proc_board_update" parameterType="map" statementType="CALLABLE"> 
	 	{ call proc_board_update(
	 		#{p_board_no,mode=IN,jdbcType=VARCHAR, javaType=java.lang.String}
	 		,#{p_board_cate,mode=IN,jdbcType=VARCHAR, javaType=java.lang.String}
	 		,#{p_board_menu,mode=IN,jdbcType=VARCHAR, javaType=java.lang.String}
	 		,#{p_user_id,mode=IN,jdbcType=VARCHAR, javaType=java.lang.String}
	 		,#{p_board_subject,mode=IN,jdbcType=VARCHAR, javaType=java.lang.String}
	 		,#{p_board_content,mode=IN,jdbcType=VARCHAR, javaType=java.lang.String}
	 		,#{p_board_ingredient,mode=IN,jdbcType=VARCHAR, javaType=java.lang.String}
	 		,#{p_mensuration,mode=IN,jdbcType=VARCHAR, javaType=java.lang.String}
	 		,#{p_recipe_unit,mode=IN,jdbcType=VARCHAR, javaType=java.lang.String}
	 		,#{p_hashtag,mode=IN,jdbcType=VARCHAR, javaType=java.lang.String}
	 		,#{msg,mode=OUT,jdbcType=VARCHAR, javaType=java.lang.String}
	 	)}
	</select> 
	
	<!-- 글 삭제 -->
	<select id="proc_board_delete" parameterType="map" statementType="CALLABLE"> 
	 	{ call proc_board_delete(
	 		#{p_board_no,mode=IN,jdbcType=VARCHAR, javaType=java.lang.String}
	 		,#{p_user_id,mode=IN,jdbcType=VARCHAR, javaType=java.lang.String}
	 		,#{msg,mode=OUT,jdbcType=VARCHAR, javaType=java.lang.String}
	 	)}
	</select> 
	
	<!-- 게시글 목록, 단일게시글 보여주기 -->
	 <select id="proc_board_list" parameterType="map" statementType="CALLABLE"> 
	 	{ call proc_board_list(
	 		#{FIELD,mode=IN,jdbcType=VARCHAR, javaType=java.lang.String}
	 		,#{BOARD_NO,mode=IN,jdbcType=VARCHAR, javaType=java.lang.String}
	 		,#{CSR_BOARD_LIST, mode=OUT, jdbcType=CURSOR, javaType=ResultSet, resultMap=recipeMap}
	 	)}
 	</select> 
	
	<!-- 보드에 필요한 리스트 보여주기 (대분류, 소분류, 재료리스트)-->
	 <select id="proc_board_give_info" parameterType="map" statementType="CALLABLE"> 
	 	{ call proc_board_give_info(
	 		#{field,mode=IN,jdbcType=VARCHAR, javaType=java.lang.String}
	 		,#{csr_board_info, mode=OUT, jdbcType=CURSOR, javaType=ResultSet, resultMap=recipeMap}
	 	)}
 	</select> 
 	
 	<!-- 좋아요관련 -->
	<select id="proc_board_likes" parameterType="map" statementType="CALLABLE"> 
	 	{ call proc_board_likes(
	 		#{field,mode=IN,jdbcType=VARCHAR, javaType=java.lang.String}
	 		,#{board_no,mode=IN,jdbcType=VARCHAR, javaType=java.lang.String}
	 		,#{user_id,mode=IN,jdbcType=VARCHAR, javaType=java.lang.String}
	 		,#{msg,mode=OUT,jdbcType=VARCHAR, javaType=java.lang.String}
	 	)}
	</select> 
	
</mapper>