<?xml version="1.0" encoding="UTF-8" ?>
<!DOCTYPE configuration
 PUBLIC "-//mybatis.org//DTD Config 3.0//EN"
 "http://mybatis.org/dtd/mybatis-3-config.dtd">
<configuration>
	<properties resource="np/com/util/config.properties" /><!-- property 에 해당하는 파라미터 넣는 값 -->

	<typeAliases>
		<typeAlias type="np.com.vo.MemberVO" alias="memberVO" />
	</typeAliases>

	<environments default="development">
		<environment id="development">
			<transactionManager type="JDBC" />
			<dataSource type="POOLED">
				<property name="driver" 			value="${driver}"		/>
				<property name="url" 					value="${url}" 			/>
				<property name="username" 	value="${username}" />
				<property name="password" 		value="${password}" />
			</dataSource>
		</environment>
	</environments>
	<mappers>
		<mapper resource="np/mem/mybatis/member.xml"/>
		<mapper resource="np/mem/mybatis/recipe.xml" />
	</mappers>
</configuration>