<?xml version="1.0" encoding="UTF-8"?>
<!DOCTYPE mapper
 PUBLIC "-//mybatis.org//DTD Mapper 3.0//EN"
 "http://mybatis.org/dtd/mybatis-3-mapper.dtd">
<mapper namespace="np.mem.mybatis.RecipeMapper">

	<!-- select version 1 -->
	<select id="getExboardList" parameterType="int" resultType="Map">
		select * from exboard order by no desc
	</select>
<!-- select version 1.1 -->
<!-- <select id="getExboardList" parameterType="map" resultType="Map"> -->
<!-- select * from  -->
<!-- 				(select rownum rn, no, name, passwd, subject, content, reg_date, readcount, ip from  -->
<!-- 				(select * from exboard order by no desc)) where rn between #{startRow} and #{endRow} -->

<!-- </select> -->
	
	<select id="getListbyNo" parameterType="int" resultType="Map">
		select * from exboard where no = #{no}
	</select>
	
	<insert id="exboardInsert" parameterType="map">
		insert into exboard values(seq_exboard.nextval,#{name},#{pw},#{subject},#{content},sysdate,0,#{ip})
	</insert>
	
	<update id="updateExboard" parameterType="int"> 
		update exboard set readcount = readcount + 1 where no = #{no}
	</update>
	
	<update id="updatebyNo" parameterType="map">
		update exboard set name = #{name}, subject = #{subject}, content = #{content} where no = #{no}
	</update>
	
	<delete id="deleteExboard" parameterType="map"><!-- resultType 이 없으니까 안씀 -->
		DELETE FROM exboard WHERE no=#{deptno}
	</delete>
	
</mapper>